title,price,price_label,mileage,first_registration,transmission,fuel_type,power,consumption,cO2_emissions
Citroen Berlingo Live Pack M,16878.0,Guter Preis,54750.0,09/2022,Schaltgetriebe,Diesel,75 kW (102 PS),- (l/100 km),- (g/km)
Citroen Berlingo 1.5 Blue-HDi Shine M,15000.0,Sehr guter Preis,102039.0,05/2019,Schaltgetriebe,Diesel,96 kW (131 PS),- (l/100 km),- (g/km)
Citroen Berlingo Citroen Berlingo BlueHDi 130 S&S FEEL M FEEL,15100.0,Sehr guter Preis,135000.0,12/2018,Schaltgetriebe,Diesel,96 kW (131 PS),"4,3 l/100 km (komb.)",115 g/km (komb.)
"Citroen Berlingo BlueHDi 130 M, SHINE, Panoramadach, Schiebetür",15250.0,Sehr guter Preis,97000.0,12/2018,Schaltgetriebe,Diesel,96 kW (131 PS),- (l/100 km),- (g/km)
Citroen Berlingo 1.5 HDI 130 *Shine M* Navi Pano HUD 1Hd,15450.0,Sehr guter Preis,112000.0,07/2019,Schaltgetriebe,Diesel,96 kW (131 PS),- (l/100 km),- (g/km)
"Citroen Berlingo 1.5D FEEL ""M"" 5-SITZER NAVI/LED/SHZ/DAB",15450.0,Sehr guter Preis,93400.0,12/2020,Schaltgetriebe,Diesel,75 kW (102 PS),"4,1 l/100 km (komb.)",107 g/km (komb.)
Citroen Berlingo Multispace BlueHDi 100 S&S ETG6 SHINE,15505.0,Keine Angabe,134500.0,12/2016,Automatik,Diesel,73 kW (99 PS),"4,2 l/100 km (komb.)",109 g/km (komb.)
Citroen Berlingo Multispace 1.6 HDi,15800.0,Fairer Preis,30900.0,12/2017,Automatik,Diesel,73 kW (99 PS),"4,2 l/100 km (komb.)",109 g/km (komb.)
Citroen Berlingo Feel M HDi 100,15900.0,Fairer Preis,100035.0,07/2018,Schaltgetriebe,Diesel,75 kW (102 PS),"4,2 l/100 km (komb.)",111 g/km (komb.)
"Citroen Berlingo Feel M PureTech 110 *Sitzheizung, Navi uvm.*",15970.0,Hoher Preis,112150.0,12/2018,Schaltgetriebe,Benzin,81 kW (110 PS),"7,1 l/100 km (komb.)",161 g/km (komb.)
Citroen Berlingo Feel XL XTR,15980.0,Hoher Preis,192700.0,10/2019,Automatik,Diesel,96 kW (131 PS),"4,4 l/100 km (komb.)",117 g/km (komb.)
Citroen Berlingo M BlueHDi 100 LIVE,15985.0,Erhöhter Preis,101888.0,03/2019,Schaltgetriebe,Diesel,75 kW (102 PS),"4,1 l/100 km (komb.)",107 g/km (komb.)
Citroen Berlingo Selection 2.HD AUTOMATIK KLIMA PDC,15989.0,Hoher Preis,67000.0,04/2016,Automatik,Diesel,73 kW (99 PS),"4,2 l/100 km (komb.)",109 g/km (komb.)
Citroen Berlingo Live M Klima USB Spurass. Tempomat,15990.0,Guter Preis,73883.0,06/2020,Schaltgetriebe,Diesel,75 kW (102 PS),"4,0 l/100 km (komb.)",108 g/km (komb.)
Citroen Berlingo 1.5 Feel M PDC SHZ KAMERA NAVI W-LAN,15990.0,Guter Preis,119697.0,03/2019,Schaltgetriebe,Diesel,96 kW (131 PS),- (l/100 km),- (g/km)
Citroen Berlingo Berlingo Kombi Tendance*BEHINDERTENGERECHT*,15990.0,Keine Angabe,123380.0,12/2013,Schaltgetriebe,Diesel,68 kW (92 PS),"5,3 l/100 km (komb.)",140 g/km (komb.)
Citroen Berlingo Multispace BlueHDi 120 S&S 90 Jahre,15990.0,Erhöhter Preis,106210.0,08/2018,Schaltgetriebe,Diesel,88 kW (120 PS),"4,3 l/100 km (komb.)",113 g/km (komb.)
Citroen Berlingo Multispace VTi 95 SELECTION,15999.0,Keine Angabe,52500.0,09/2018,Schaltgetriebe,Benzin,72 kW (98 PS),"6,4 l/100 km (komb.)",148 g/km (komb.)
Citroen Berlingo Shine 1.5 BHDi 130 °Navi°HUD°SHZ°ACC°,17870.0,Sehr guter Preis,88900.0,05/2020,Schaltgetriebe,Diesel,96 kW (131 PS),- (l/100 km),- (g/km)
Citroen Berlingo HDi 130 SHINE Navi/HUD/Pano/SHZ/Kamera,15999.0,Guter Preis,138000.0,06/2019,Schaltgetriebe,Diesel,96 kW (131 PS),"4,3 l/100 km (komb.)",- (g/km)
Citroen Berlingo 1.5 Blue-HDi Feel  AUTOMATIC/NAVI/KLIMA,15999.0,Erhöhter Preis,136303.0,07/2019,Automatik,Diesel,96 kW (131 PS),- (l/100 km),- (g/km)
Citroen Berlingo Berlingo Kombi Diesel 5-Türer M FEEL,15999.0,Guter Preis,91500.0,10/2018,Schaltgetriebe,Diesel,96 kW (131 PS),- (l/100 km),- (g/km)
Citroen Berlingo Shine XL,16000.0,Keine Angabe,150000.0,10/2019,- Getriebe,Diesel,96 kW (131 PS),"4,4 l/100 km (komb.)",117 g/km (komb.)
Citroen Berlingo Kasten Control XL,16350.0,Erhöhter Preis,35000.0,08/2020,Schaltgetriebe,Benzin,81 kW (110 PS),"5,3 l/100 km (komb.)",121 g/km (komb.)
"Citroen Berlingo Live M, Navi,SH,Carplay, 8fach bereift!",16400.0,Fairer Preis,68090.0,05/2020,Schaltgetriebe,Benzin,81 kW (110 PS),"5,3 l/100 km (komb.)",123 g/km (komb.)
Citroen Berlingo Shine Navi/SHZ/PDC/Kam/Tempomat,16480.0,Fairer Preis,87500.0,03/2018,Schaltgetriebe,Benzin,81 kW (110 PS),- (l/100 km),- (g/km)
Citroen Berlingo 1.2 THP Live M Scheckheft Sitzheizung Tempomat USB,16490.0,Keine Angabe,72700.0,03/2019,Schaltgetriebe,Benzin,81 kW (110 PS),"5,7 l/100 km (komb.)",130 g/km (komb.)
Citroen Berlingo XL BlueHDi 130 FEEL,16499.0,Sehr guter Preis,103850.0,01/2019,Schaltgetriebe,Diesel,96 kW (131 PS),"6,2 l/100 km (komb.)",162 g/km (komb.)
Citroen Berlingo Feel XL PureTech 130 S&S EAT8 AHK,17980.0,Guter Preis,110800.0,10/2020,Automatik,Benzin,96 kW (131 PS),- (l/100 km),- (g/km)
Citroen Berlingo M PureTech 110 LIVE PACK,16590.0,Keine Angabe,12310.0,07/2021,Schaltgetriebe,Benzin,81 kW (110 PS),"5,3 l/100 km (komb.)",121 g/km (komb.)
Citroen Berlingo Feel M 5 Sitz/2x Sch-Tür/Klima/Navi/PDC,16600.0,Sehr guter Preis,59000.0,12/2021,Schaltgetriebe,Benzin,81 kW (110 PS),"5,6 l/100 km (komb.)",145 g/km (komb.)
Citroen Berlingo Feel XL *7-SITZ*NAVI,16650.0,Erhöhter Preis,104523.0,08/2020,Schaltgetriebe,Benzin,81 kW (110 PS),"5,3 l/100 km (komb.)",122 g/km (komb.)
Citroen Berlingo Berlingo+M+PureTech+110+FEEL,16800.0,Guter Preis,65000.0,06/2019,Schaltgetriebe,Benzin,81 kW (110 PS),"5,5 l/100 km (komb.)",159 g/km (komb.)
Citroen Berlingo Feel M PT110 Klima Einparkhilfe,16870.0,Keine Angabe,42200.0,12/2021,Schaltgetriebe,Benzin,81 kW (110 PS),- (l/100 km),- (g/km)
Citroen Berlingo Live Pack M,16878.0,Guter Preis,54750.0,09/2022,Schaltgetriebe,Diesel,75 kW (102 PS),- (l/100 km),- (g/km)
Citroen Berlingo Feel 1.2 PureTech EU6d-T M PT 110 DAB SHZ 7 Sitze.,16890.0,Fairer Preis,96846.0,02/2019,Schaltgetriebe,Benzin,81 kW (110 PS),- (l/100 km),- (g/km)
Citroen Berlingo Shine M*PANO*HUD*SITZHZG*,16900.0,Fairer Preis,73000.0,01/2019,Schaltgetriebe,Benzin,81 kW (110 PS),"5,7 l/100 km (komb.)",130 g/km (komb.)
Citroen Berlingo Shine M 1.5 BlueHDi AHK STANDHEIZUNG PDC KAMERA SH,17990.0,Guter Preis,131990.0,01/2019,Automatik,Diesel,96 kW (131 PS),- (l/100 km),- (g/km)
Citroen Berlingo Shine XL,18100.0,Guter Preis,117090.0,10/2019,Automatik,Benzin,96 kW (131 PS),"5,6 l/100 km (komb.)",162 g/km (komb.)
"Citroen Berlingo Feel M, 7 Sitzer, AHK, Klima, Sitzheizung",16900.0,Keine Angabe,108000.0,04/2019,Schaltgetriebe,Benzin,81 kW (110 PS),- (l/100 km),- (g/km)
Citroen Berlingo 1.2 XTR *Panorama*°360°Kamera*Navi*EU6*,16950.0,Fairer Preis,76718.0,09/2018,Schaltgetriebe,Benzin,81 kW (110 PS),"5,7 l/100 km (komb.)",130 g/km (komb.)
Citroen Berlingo M PureTech 110 FEEL,16950.0,Erhöhter Preis,83350.0,07/2019,Schaltgetriebe,Benzin,81 kW (110 PS),"7,5 l/100 km (komb.)",170 g/km (komb.)
Citroen Berlingo 1.2PureTech 110 Live Pack M Klima,16980.0,Sehr guter Preis,30791.0,01/2023,Schaltgetriebe,Benzin,81 kW (110 PS),- (l/100 km),- (g/km)
Citroen Berlingo Live M,16990.0,Keine Angabe,15500.0,05/2020,Schaltgetriebe,Benzin,81 kW (110 PS),"5,4 l/100 km (komb.)",123 g/km (komb.)
Citroen Berlingo M PureTech 110 FEEL,16990.0,Sehr guter Preis,34285.0,01/2019,Schaltgetriebe,Benzin,81 kW (110 PS),"5,5 l/100 km (komb.)",125 g/km (komb.)
Citroen Berlingo 1.5 BlueHDi 100 FAP Live M AHK SpurH,16990.0,Fairer Preis,67866.0,09/2018,Schaltgetriebe,Diesel,75 kW (102 PS),- (l/100 km),- (g/km)
Citroen Berlingo Feel M PureTech 110 Sitzhzg. AHK-abnehmbar Apple C,16990.0,Sehr guter Preis,54857.0,08/2019,Schaltgetriebe,Benzin,81 kW (110 PS),- (l/100 km),- (g/km)
Citroen Berlingo Feel M*1.Hand*SH-gepfl.*Nr.43,16990.0,Guter Preis,84900.0,12/2019,Schaltgetriebe,Diesel,96 kW (131 PS),"4,4 l/100 km (komb.)",116 g/km (komb.)
Citroen Berlingo Kombi Selection+1.Hand+22.400KM+PDC,16990.0,Hoher Preis,22400.0,10/2015,Schaltgetriebe,Benzin,72 kW (98 PS),"6,4 l/100 km (komb.)",152 g/km (komb.)
Citroen Berlingo Shine 1.2 PureTech 110 Pano+Navi+PDC v/h+Cam+Klima,16990.0,Fairer Preis,67800.0,01/2018,Schaltgetriebe,Benzin,81 kW (110 PS),- (l/100 km),119 g/km (komb.)
Citroen Berlingo 1.5 BlueHDi 130 AHK PDC,16995.0,Keine Angabe,125000.0,07/2020,Schaltgetriebe,Diesel,96 kW (131 PS),"4,5 l/100 km (komb.)",120 g/km (komb.)
Citroen Berlingo XL  7 Sitzen,16999.0,Erhöhter Preis,118900.0,08/2020,Schaltgetriebe,Benzin,81 kW (110 PS),"5,3 l/100 km (komb.)",122 g/km (komb.)
"Citroen Berlingo Shine M,Navi+Kamera+Headup+Alu+DAB",16999.0,Sehr guter Preis,106541.0,04/2021,Schaltgetriebe,Diesel,96 kW (131 PS),"4,3 l/100 km (komb.)",113 g/km (komb.)
Citroen Berlingo Kombi*1.Hand*Klimaaut*Navi*AHK*PDC*FES,16999.0,Erhöhter Preis,60000.0,09/2017,Schaltgetriebe,Benzin,81 kW (110 PS),"5,1 l/100 km (komb.)",119 g/km (komb.)
Citroen Berlingo 1.5 BlueHDi 130 Shine M,17390.0,Fairer Preis,107317.0,11/2019,Schaltgetriebe,Benzin,96 kW (131 PS),- (l/100 km),- (g/km)
Citroen Berlingo Feel M,17390.0,Fairer Preis,86600.0,10/2018,Schaltgetriebe,Diesel,96 kW (131 PS),- (l/100 km),- (g/km)
Citroen Berlingo Feel 1.5 BHDi 130 °AHK°PDC°SHZ°Tempomat°,17470.0,Guter Preis,84600.0,11/2019,Schaltgetriebe,Diesel,96 kW (131 PS),- (l/100 km),- (g/km)
Citroen Berlingo M PureTech 110 LIVE,17485.0,Fairer Preis,57734.0,10/2020,Schaltgetriebe,Benzin,81 kW (110 PS),"7,5 l/100 km (komb.)",170 g/km (komb.)
Citroen Berlingo 1.2 PureTech 110 M,17490.0,Fairer Preis,41200.0,03/2019,Schaltgetriebe,Benzin,81 kW (110 PS),"5,7 l/100 km (komb.)",130 g/km (komb.)
Citroen Berlingo Live Pack Elektromotor M 136 *1.Hand,17500.0,Sehr guter Preis,17950.0,11/2022,Automatik,Elektro,100 kW (136 PS),"20,5 kWh/100 km (komb.)",0 g/km (komb.)
Citroen Berlingo M PureTech 110 FEEL,17500.0,Sehr guter Preis,58963.0,09/2020,Schaltgetriebe,Benzin,81 kW (110 PS),"7,5 l/100 km (komb.)",170 g/km (komb.)
Citroen Berlingo 1.5 BlueHDi 130 XL S&S EHZ EAT8 Control Variospace,17500.0,Fairer Preis,105723.0,05/2020,Automatik,Diesel,96 kW (131 PS),- (l/100 km),- (g/km)
Citroen Berlingo M BlueHDi 130 Stop&Start Shine,17500.0,Sehr guter Preis,85500.0,03/2020,Schaltgetriebe,Diesel,96 kW (131 PS),"4,2 l/100 km (komb.)",111 g/km (komb.)
Citroen Berlingo 1.5 Blue-HDi Feel M Aut.*TEMPO*PDC*,17600.0,Fairer Preis,107938.0,03/2019,Automatik,Diesel,96 kW (131 PS),"4,5 l/100 km (komb.)",150 g/km (komb.)
Citroen Berlingo Live Pack M,17778.0,Sehr guter Preis,55890.0,01/2023,Schaltgetriebe,Diesel,75 kW (102 PS),- (l/100 km),- (g/km)
Citroen Berlingo Feel M *NAVI*DAB*KINDERPAKET*SHZ*,17850.0,Fairer Preis,69980.0,09/2019,Schaltgetriebe,Benzin,81 kW (110 PS),"5,4 l/100 km (komb.)",123 g/km (komb.)
"Citroen Berlingo Feel M 1,2 Turbo / Automatik / Euro 6 / TÜV NEU",17850.0,Sehr guter Preis,91261.0,12/2019,Automatik,Benzin,96 kW (131 PS),"5,6 l/100 km (komb.)",127 g/km (komb.)
Citroen Berlingo Shine 1.5 BHDi 130 °Navi°HUD°SHZ°ACC°,17870.0,Sehr guter Preis,88900.0,05/2020,Schaltgetriebe,Diesel,96 kW (131 PS),- (l/100 km),- (g/km)
Citroen Berlingo 1.5 Blue-HDi Rip Curl M*TEMPO*NAVI*CAM*PDC*SHZ*,17880.0,Fairer Preis,94167.0,08/2021,Schaltgetriebe,Diesel,75 kW (102 PS),"4,2 l/100 km (komb.)",137 g/km (komb.)
Citroen Berlingo FeelM,17900.0,Fairer Preis,22500.0,04/2019,Schaltgetriebe,Benzin,81 kW (110 PS),"5,7 l/100 km (komb.)",130 g/km (komb.)
Citroen Berlingo XL BlueHDi 130 FEEL,17900.0,Sehr guter Preis,64812.0,01/2019,Schaltgetriebe,Diesel,96 kW (131 PS),- (l/100 km),- (g/km)
Citroen Berlingo Shine XL Automatik/,17900.0,Guter Preis,98600.0,08/2019,Automatik,Diesel,96 kW (131 PS),"4,4 l/100 km (komb.)",117 g/km (komb.)
Citroen Berlingo Feel M,17950.0,Keine Angabe,109000.0,01/2019,Schaltgetriebe,Diesel,75 kW (102 PS),"4,2 l/100 km (komb.)",111 g/km (komb.)
Citroen Berlingo Feel XL Behindertengerecht-Rampe,17950.0,Fairer Preis,265414.0,06/2019,Automatik,Diesel,96 kW (131 PS),"4,4 l/100 km (komb.)",117 g/km (komb.)
Citroen Berlingo SHINE XL NAV+HUD+KAMERA+ALU+AHK+1HD+TÜV,17970.0,Erhöhter Preis,149800.0,02/2019,Schaltgetriebe,Diesel,96 kW (131 PS),"4,4 l/100 km (komb.)",116 g/km (komb.)
Citroen Berlingo Feel XL PureTech 130 S&S EAT8 AHK,17980.0,Guter Preis,110800.0,10/2020,Automatik,Benzin,96 kW (131 PS),- (l/100 km),- (g/km)
Citroen Berlingo M BlueHDi 130 FEEL,17985.0,Sehr guter Preis,87100.0,08/2020,Schaltgetriebe,Diesel,96 kW (131 PS),"6,2 l/100 km (komb.)",162 g/km (komb.)
Citroen Berlingo Shine M 1.5 BlueHDi AHK STANDHEIZUNG PDC KAMERA SH,17990.0,Guter Preis,131990.0,01/2019,Automatik,Diesel,96 kW (131 PS),- (l/100 km),- (g/km)
Citroen Berlingo Feel M 1.2 PT 110 AHK-abnehmbar Navi CarPlay Klima,17990.0,Fairer Preis,87000.0,03/2019,Schaltgetriebe,Benzin,81 kW (110 PS),- (l/100 km),- (g/km)
Citroen Berlingo Feel M Neuer org. Motor 10 KM Mit Werksgarantie,17990.0,Erhöhter Preis,106000.0,12/2018,Schaltgetriebe,Diesel,96 kW (131 PS),"4,3 l/100 km (komb.)",115 g/km (komb.)
Citroen Berlingo Feel Pack M/Navi/RFK,18000.0,Fairer Preis,99400.0,02/2021,Schaltgetriebe,Diesel,96 kW (131 PS),"4,3 l/100 km (komb.)",113 g/km (komb.)
Citroen Berlingo Shine XL,18100.0,Guter Preis,117090.0,10/2019,Automatik,Benzin,96 kW (131 PS),"5,6 l/100 km (komb.)",162 g/km (komb.)
Citroen Berlingo Live M 1.5 BlueHDi 100 FAP Stop&Start 75 kW (10...,18290.0,Guter Preis,30000.0,12/2019,Schaltgetriebe,Diesel,75 kW (102 PS),"5,1 l/100 km (komb.)",106 g/km (komb.)
Citroen Berlingo Live M 1.5 BlueHDi 100 FAP Stop&Start 75 kW (10...,18290.0,Guter Preis,30000.0,12/2019,Schaltgetriebe,Diesel,75 kW (102 PS),"5,1 l/100 km (komb.)",106 g/km (komb.)
Citroen Berlingo Shine M 1.2 KAMERA NAVI PDC SHZ HEAD UP,18490.0,Fairer Preis,79890.0,12/2019,Schaltgetriebe,Benzin,81 kW (110 PS),- (l/100 km),- (g/km)
Citroen Berlingo M BlueHDi 100 FEEL Standh.,18490.0,Fairer Preis,58909.0,07/2020,Schaltgetriebe,Diesel,75 kW (102 PS),"6,7 l/100 km (komb.)",176 g/km (komb.)
Citroen Berlingo L1 1.2 PureTech *10''Touchscreen*,18551.0,Keine Angabe,10.0,- (Erstzulassung),Schaltgetriebe,Benzin,100 kW (136 PS),"6,4 l/100 km (komb.)",143 g/km (komb.)
Citroen Berlingo Shine M Automatik PANO-AHK-KAMERA,18690.0,Fairer Preis,115000.0,07/2019,Automatik,Diesel,96 kW (131 PS),"4,3 l/100 km (komb.)",115 g/km (komb.)
Citroen Berlingo Shine M1.5 HDi / Panorama / Navi / R-Kamera,18700.0,Fairer Preis,104325.0,10/2020,Schaltgetriebe,Diesel,96 kW (131 PS),"4,3 l/100 km (komb.)",113 g/km (komb.)
Citroen Berlingo PureTech 110 S&S LIVE *NAV*PDC*APPLE*ANDROID*DAB*,18750.0,Guter Preis,56900.0,12/2020,Schaltgetriebe,Benzin,81 kW (110 PS),"5,3 l/100 km (komb.)",122 g/km (komb.)
Citroen Berlingo 1.2 PureTech Shine M Kinderpaket+Drive-Assist-Pake,18790.0,Fairer Preis,72547.0,07/2019,Schaltgetriebe,Benzin,81 kW (110 PS),- (l/100 km),- (g/km)
Citroen Berlingo M PureTech 110 SHINE XTR Glasdach Navi Kamera Shz.,18790.0,Fairer Preis,70590.0,08/2018,Schaltgetriebe,Benzin,81 kW (110 PS),"5,4 l/100 km (komb.)",124 g/km (komb.)
Citroen Berlingo Live M Pure 7 Sitze Klima SHZ,18799.0,Guter Preis,48000.0,11/2019,Schaltgetriebe,Sonstige,81 kW (110 PS),"5,3 l/100 km (komb.)",123 g/km (komb.)
Citroen Berlingo Rollstuhlrampe Behindertengerecht,18850.0,Hoher Preis,15000.0,11/2018,Schaltgetriebe,Benzin,72 kW (98 PS),"6,4 l/100 km (komb.)",152 g/km (komb.)
Citroen Berlingo M PureTech 130 EAT8 SHINE *HUD*AHK*CAM*,18880.0,Guter Preis,97003.0,11/2019,Automatik,Benzin,96 kW (131 PS),- (l/100 km),0 g/km (komb.)
Citroen Berlingo 1.5 HDi  XL/L2 Doppelkabine VarioSpace,18890.0,Fairer Preis,86348.0,12/2020,Schaltgetriebe,Diesel,96 kW (131 PS),"4,5 l/100 km (komb.)",119 g/km (komb.)
Citroen Berlingo Control XL/L2 Doppelkabine VarioSpace/Navi,18900.0,Guter Preis,73508.0,08/2021,Automatik,Diesel,96 kW (131 PS),"4,6 l/100 km (komb.)",121 g/km (komb.)
Citroen Berlingo Feel XL AU/HU NEU/Garantie/1Hand/Kamera,18900.0,Fairer Preis,114000.0,06/2020,Automatik,Benzin,96 kW (131 PS),"5,3 l/100 km (komb.)",121 g/km (komb.)
Citroen Berlingo Shine M City 3 Drive-Assist Komfortp Grip-Control,18950.0,Fairer Preis,48000.0,01/2019,Schaltgetriebe,Benzin,81 kW (110 PS),"5,7 l/100 km (komb.)",130 g/km (komb.)
Citroen Berlingo 1.2 M PT 110 SHINE PANO+HUD+CARPLAY+AHK,18950.0,Erhöhter Preis,74100.0,09/2018,Schaltgetriebe,Benzin,81 kW (110 PS),- (l/100 km),- (g/km)
Citroen Berlingo Berlingo M Elektro 136 LIVE PACK KLIMA+EFH+DAB+,18970.0,Guter Preis,32900.0,10/2022,Automatik,Elektro,100 kW (136 PS),,0 g/km (komb.)
Citroen Berlingo BERLINGO SHINE +AUTOM+APPLE-NAVI+AHK+R.KAMERA,18980.0,Sehr guter Preis,94500.0,03/2019,Automatik,Diesel,96 kW (131 PS),"4,2 l/100 km (komb.)",111 g/km (komb.)
Citroen Berlingo Live XL 7 Sitzer Klima AHK,18980.0,Fairer Preis,56400.0,12/2019,Schaltgetriebe,Sonstige,81 kW (110 PS),"5,3 l/100 km (komb.)",122 g/km (komb.)
"Citroen Berlingo Shine M Automatik, Glasdach, Kamera, ..",18980.0,Fairer Preis,99775.0,10/2019,Automatik,Diesel,96 kW (131 PS),"4,3 l/100 km (komb.)",115 g/km (komb.)
Citroen Berlingo 1.5 HDI XL 7 Sitze+AHK+Sitzhzg.+Alu,18990.0,Keine Angabe,106000.0,03/2019,Schaltgetriebe,Diesel,96 kW (131 PS),"4,4 l/100 km (komb.)",116 g/km (komb.)
Citroen Berlingo Live XL 1.5 Blue-HDI FAP,18990.0,Guter Preis,66727.0,06/2021,Schaltgetriebe,Diesel,96 kW (131 PS),- (l/100 km),- (g/km)
Citroen Berlingo Live  *2.HAND/ROLLSTUHLGERECHT*,18990.0,Erhöhter Preis,41000.0,07/2017,Schaltgetriebe,Benzin,72 kW (98 PS),"6,4 l/100 km (komb.)",152 g/km (komb.)
Citroen Berlingo Feel M 1.2 PureTech*RFK*SmartP-Navi*Android,18990.0,Hoher Preis,97414.0,08/2019,Schaltgetriebe,Benzin,81 kW (110 PS),- (l/100 km),- (g/km)
Citroen Berlingo Shine XL  *7 SITZER * 2 x Schiebtüre,18999.0,Fairer Preis,94000.0,06/2020,Automatik,Diesel,96 kW (131 PS),"4,2 l/100 km (komb.)",111 g/km (komb.)
Citroen Berlingo Live M*Klima*TÜV Neu*Ganzjahr*FES*BC*,18999.0,Fairer Preis,45000.0,07/2019,Schaltgetriebe,Benzin,81 kW (110 PS),"5,5 l/100 km (komb.)",126 g/km (komb.)
Citroen Berlingo 1.5 HDI Feel M + TÜV NEU,18999.0,Fairer Preis,98200.0,12/2018,Schaltgetriebe,Diesel,96 kW (131 PS),"4,3 l/100 km (komb.)",115 g/km (komb.)
Citroen Berlingo Feel M Klima BC 8fach AHK,19190.0,Fairer Preis,53990.0,06/2019,Schaltgetriebe,Diesel,96 kW (131 PS),"4,5 l/100 km (komb.)",119 g/km (komb.)
Citroen Berlingo Rip Curl M | PDC+Kamera | AHK | 16`Alu,19200.0,Guter Preis,99000.0,03/2021,Schaltgetriebe,Diesel,96 kW (131 PS),"4,3 l/100 km (komb.)",113 g/km (komb.)
Citroen Berlingo Shine XL 1.5 BlueHDi 130 FAP,19290.0,Fairer Preis,111370.0,09/2020,Schaltgetriebe,Diesel,96 kW (131 PS),"5,6 l/100 km (komb.)",146 g/km (komb.)
Citroen Berlingo M PureTech 110 SHINE Panoramadach,19490.0,Fairer Preis,48200.0,05/2019,Schaltgetriebe,Benzin,81 kW (110 PS),"5,4 l/100 km (komb.)",124 g/km (komb.)
Citroen Berlingo Feel 1.5 Diesel/SHZ/KLIMA/CAM,19490.0,Fairer Preis,29245.0,11/2020,Schaltgetriebe,Diesel,75 kW (102 PS),"4,1 l/100 km (komb.)",107 g/km (komb.)
Citroen Berlingo PureTech 110 XTR EU6d-T,19490.0,Fairer Preis,62766.0,05/2019,Schaltgetriebe,Benzin,81 kW (110 PS),- (l/100 km),- (g/km)
Citroen Berlingo Shine M 5Sitze  CarPlay LED SHZ PDC AHK,19500.0,Sehr guter Preis,78000.0,02/2021,Automatik,Diesel,96 kW (131 PS),"4,2 l/100 km (komb.)",111 g/km (komb.)
Citroen Berlingo Berlingo Kombi Diesel 5-Türer M BlueHDi 100FEEL,19500.0,Sehr guter Preis,59000.0,05/2021,Schaltgetriebe,Diesel,75 kW (102 PS),"4,3 l/100 km (komb.)",116 g/km (komb.)
Citroen Berlingo eBerlingo M LivePack Elektro Klima Einparkhilfe,19690.0,Guter Preis,15318.0,12/2022,Automatik,Elektro,100 kW (136 PS),"20,5 kWh/100 km (komb.)",0 g/km (komb.)
Citroen Berlingo XTR Pack XL | PDC+Kamera | AHK | 16`Alu,19800.0,Fairer Preis,99000.0,05/2021,Schaltgetriebe,Diesel,96 kW (131 PS),"4,3 l/100 km (komb.)",113 g/km (komb.)
Citroen Berlingo Berlingo+MPV+M+BlueHDi+100+LIVE+PACK,19800.0,Guter Preis,24000.0,12/2022,Schaltgetriebe,Diesel,75 kW (102 PS),- (l/100 km),- (g/km)
Citroen Berlingo Berlingo MPV M BlueHDi 100 LIVE PACK,19800.0,Guter Preis,24000.0,12/2022,Schaltgetriebe,Diesel,75 kW (102 PS),- (l/100 km),- (g/km)
Citroen Berlingo Shine M/AHZV/Sitzh./Kamera/HeadUp,19890.0,Fairer Preis,92695.0,08/2020,Automatik,Benzin,96 kW (131 PS),"5,6 l/100 km (komb.)",127 g/km (komb.)
"Citroen Berlingo M BlueHDi 130 SHINE, AHK, Kamera, Sitzh",19900.0,Erhöhter Preis,121800.0,12/2020,Schaltgetriebe,Diesel,96 kW (131 PS),- (l/100 km),- (g/km)
Citroen Berlingo Shine M Automatik PANO-AHK-KAMERA,19900.0,Guter Preis,88000.0,08/2019,Automatik,Diesel,96 kW (131 PS),"4,3 l/100 km (komb.)",115 g/km (komb.)
Citroen Berlingo Shine M  | 1.HAND| PANO-DACH | HEAD-UP,19900.0,Guter Preis,107960.0,03/2021,Automatik,Diesel,96 kW (131 PS),"4,5 l/100 km (komb.)",118 g/km (komb.)
"Citroen Berlingo Feel M, AHK, get.Heckscheibe",19950.0,Keine Angabe,69247.0,01/2020,Schaltgetriebe,Diesel,96 kW (131 PS),"4,3 l/100 km (komb.)",112 g/km (komb.)
"Citroen Berlingo 1,2 PureTech 110 Feel NAVI DAB PDC",19950.0,Fairer Preis,17421.0,06/2021,Schaltgetriebe,Benzin,81 kW (110 PS),- (l/100 km),- (g/km)
Citroen Berlingo M PureTech EAT8 Shine,19980.0,Keine Angabe,68512.0,05/2020,Automatik,Benzin,96 kW (131 PS),- (l/100 km),- (g/km)
Citroen Berlingo Feel Pack M *Automatik*,19990.0,Sehr guter Preis,88499.0,05/2021,Automatik,Benzin,96 kW (131 PS),"6,4 l/100 km (komb.)",127 g/km (komb.)
Citroen Berlingo S&S FEEL 360Kam*Tempo*Klimaauto,19990.0,Fairer Preis,49960.0,05/2021,Schaltgetriebe,Benzin,81 kW (110 PS),- (l/100 km),145 g/km (komb.)
Citroen Berlingo Live Pack M Elektro,19990.0,Sehr guter Preis,16397.0,03/2023,Automatik,Elektro,100 kW (136 PS),"20,5 kWh/100 km (komb.)",0 g/km (komb.)
"Citroen Berlingo Feel Pack M Navi, Bluetooth DIESEL",19990.0,Fairer Preis,66717.0,08/2021,Schaltgetriebe,Diesel,75 kW (102 PS),"4,2 l/100 km (komb.)",111 g/km (komb.)
"Citroen Berlingo Feel M **SHZ, 1.Hand**",19990.0,Fairer Preis,49800.0,04/2021,Schaltgetriebe,Diesel,75 kW (102 PS),- (l/100 km),- (g/km)
Citroen Berlingo Feel Pack M *Automatik*,19990.0,Sehr guter Preis,88499.0,05/2021,Automatik,Benzin,96 kW (131 PS),"6,4 l/100 km (komb.)",127 g/km (komb.)
Citroen Berlingo 1.2 PureTech 130 Shine M Klima,19990.0,Sehr guter Preis,58100.0,12/2019,Automatik,Benzin,96 kW (131 PS),- (l/100 km),- (g/km)
Citroen Berlingo Shine M Panoramadach Sitzheizg Navi,19990.0,Hoher Preis,99753.0,11/2018,Schaltgetriebe,Diesel,96 kW (131 PS),- (l/100 km),- (g/km)
Citroen Berlingo Feel M Navi Klima AWR,19990.0,Erhöhter Preis,52000.0,09/2020,Schaltgetriebe,Diesel,75 kW (102 PS),- (l/100 km),- (g/km)
Citroen Berlingo Standhzg AHK Klima Navi SHZ PDC Kamera,19990.0,Sehr guter Preis,51100.0,09/2019,Schaltgetriebe,Diesel,96 kW (131 PS),"5,3 l/100 km (komb.)",139 g/km (komb.)
Citroen Berlingo PureTech 110 Klimaaut PDC Touchscreen Privacy,19999.0,Keine Angabe,11500.0,09/2020,Schaltgetriebe,Benzin,81 kW (110 PS),- (l/100 km),- (g/km)
Citroen Berlingo Berlingo Shine M/Automatik/Kamera/HeadUp/PDC/ZV,19999.0,Fairer Preis,94000.0,10/2020,Automatik,Diesel,96 kW (131 PS),- (l/100 km),- (g/km)
Citroen Berlingo Shine M 1.Hand Automatik 7 Sitze DAB Cam AHK,19999.0,Fairer Preis,99200.0,01/2019,Automatik,Diesel,96 kW (131 PS),"4,5 l/100 km (komb.)",118 g/km (komb.)
Citroen Berlingo PureTech 110 Klima/Sitzhzg/PDC/Tempomat,19999.0,Fairer Preis,31990.0,01/2021,Schaltgetriebe,Benzin,81 kW (110 PS),- (l/100 km),- (g/km)
Citroen Berlingo Shine M 1.2 PureTech 110 EU6d HUD Navi Apple CarPl,20650.0,Fairer Preis,31000.0,09/2019,Schaltgetriebe,Benzin,81 kW (110 PS),"6,9 l/100 km (komb.)",200 g/km (komb.)
Citroen Berlingo Feel M PureTech 110 AWR Navi Apple CarPlay Android,20850.0,Guter Preis,28633.0,02/2022,Schaltgetriebe,Benzin,81 kW (110 PS),"6,5 l/100 km (komb.)",147 g/km (komb.)
Citroen Berlingo Feel 1.2 110 Navi 360°Kamera DAB Sitzheizung,20890.0,Keine Angabe,55800.0,10/2020,Schaltgetriebe,Benzin,81 kW (110 PS),"5,3 l/100 km (komb.)",122 g/km (komb.)
Citroen Berlingo Feel 1.2 110 Navi 360°Kamera DAB Sitzheizung,20890.0,Keine Angabe,58000.0,11/2020,Schaltgetriebe,Benzin,81 kW (110 PS),"5,3 l/100 km (komb.)",122 g/km (komb.)
Citroen Berlingo Live 7 Sitze Klima,20900.0,Fairer Preis,15800.0,12/2019,Schaltgetriebe,Sonstige,81 kW (110 PS),"5,3 l/100 km (komb.)",123 g/km (komb.)
Citroen Berlingo Feel 1.5 BlueHDi 130 FAP EU6d M BHD 130 HUD AHK-ab,20950.0,Sehr guter Preis,55005.0,07/2020,Schaltgetriebe,Diesel,96 kW (131 PS),- (l/100 km),- (g/km)
Citroen Berlingo Kombi Feel Behindertengerecht-Rampe,20950.0,Erhöhter Preis,70514.0,12/2016,Schaltgetriebe,Diesel,73 kW (99 PS),"4,3 l/100 km (komb.)",114 g/km (komb.)
Citroen Berlingo 1.5 HDi Shine XL 7. Sitzer - HUD (14),20950.0,Fairer Preis,105000.0,04/2021,Automatik,Diesel,96 kW (131 PS),"4,2 l/100 km (komb.)",111 g/km (komb.)
Citroen Berlingo Shine M*Navi*Kamera*DAB*1.Hand*Head-up*,20990.0,Fairer Preis,87688.0,12/2020,Automatik,Benzin,96 kW (131 PS),"5,6 l/100 km (komb.)",127 g/km (komb.)
"Citroen Berlingo Shine XL Sitzhnzg, Klima",20990.0,Fairer Preis,82200.0,05/2019,Schaltgetriebe,Diesel,96 kW (131 PS),"4,5 l/100 km (komb.)",119 g/km (komb.)
Citroen Berlingo XTR Shine M Auto Pano Navi STHZ AHK LED,20990.0,Erhöhter Preis,113500.0,02/2019,Automatik,Diesel,96 kW (131 PS),- (l/100 km),- (g/km)
Citroen Berlingo Feel M KLIMAAUTO CAM SITZHEIZ. APPLE,20990.0,Fairer Preis,33650.0,01/2022,Schaltgetriebe,Benzin,81 kW (110 PS),- (l/100 km),145 g/km (komb.)
Citroen Berlingo PureTech 110 M Klimaaut/Camping-Box/PDC,20999.0,Erhöhter Preis,35160.0,07/2019,Schaltgetriebe,Benzin,81 kW (110 PS),"5,4 l/100 km (komb.)",124 g/km (komb.)
Citroen Berlingo 1.5 Blue-HDi Shine M *NAVI*HEAD-UP*ACC*CAM*PDC*SHZ,21290.0,Fairer Preis,57877.0,01/2020,Schaltgetriebe,Diesel,96 kW (131 PS),"4,3 l/100 km (komb.)",150 g/km (komb.)
Citroen Berlingo M PureTech 130 EAT8 SHINE,21350.0,Sehr guter Preis,68000.0,11/2020,Automatik,Benzin,96 kW (131 PS),- (l/100 km),- (g/km)
Citroen Berlingo Shine XL,21490.0,Guter Preis,86177.0,10/2020,Automatik,Benzin,96 kW (131 PS),"7,0 l/100 km (komb.)",158 g/km (komb.)
Citroen Berlingo Shine XL 7-SITZER°ACC°HEAD-UP°KAMERA,21490.0,Erhöhter Preis,93200.0,11/2019,Schaltgetriebe,Diesel,96 kW (131 PS),"4,5 l/100 km (komb.)",118 g/km (komb.)
Citroen Berlingo Feel Automatik | Navi | PDC+Kamera |AHK,21500.0,Sehr guter Preis,55000.0,07/2019,Automatik,Diesel,96 kW (131 PS),"4,3 l/100 km (komb.)",115 g/km (komb.)
Citroen Berlingo M BlueHDi 100 FEEL,21500.0,Guter Preis,105450.0,09/2020,Schaltgetriebe,Diesel,75 kW (102 PS),"6,7 l/100 km (komb.)",176 g/km (komb.)
Citroen Berlingo Berlingo M PureTech 110 Feel,21500.0,Guter Preis,6000.0,11/2020,Schaltgetriebe,Benzin,81 kW (110 PS),"5,3 l/100 km (komb.)",122 g/km (komb.)
Citroen Berlingo Shine M Navi|ACC|HeadUp|Kamera|SHZ|PDC,21527.0,Fairer Preis,67074.0,11/2020,Schaltgetriebe,Diesel,96 kW (131 PS),- (l/100 km),- (g/km)
Citroen Berlingo Shine M 1.2 PureTech 110 7-Sitzer Navi Apple CarPl,21690.0,Fairer Preis,56652.0,07/2019,Schaltgetriebe,Benzin,81 kW (110 PS),"7,2 l/100 km (komb.)",164 g/km (komb.)
Citroen Berlingo Feel Elektromotor M SHZ PDC DAB,21750.0,Fairer Preis,25782.0,01/2022,Automatik,Elektro,100 kW (136 PS),"19,3 kWh/100 km (komb.)",0 g/km (komb.)
Citroen Berlingo 1.5 BlueHDi 130 FAP FEEL M AHK SITZHZG DAB+,21750.0,Erhöhter Preis,67928.0,05/2019,Automatik,Diesel,96 kW (131 PS),- (l/100 km),- (g/km)
Citroen Berlingo Shine M Automatik+Kamera+Navi+DAB,21850.0,Keine Angabe,59880.0,08/2020,Automatik,Benzin,96 kW (131 PS),"5,6 l/100 km (komb.)",127 g/km (komb.)
Citroen Berlingo Shine M Blue HDi130 XTR  Standheizung,21900.0,Sehr guter Preis,46200.0,10/2020,Schaltgetriebe,Diesel,96 kW (131 PS),"4,3 l/100 km (komb.)",113 g/km (komb.)
Citroen Berlingo Feel Pack M |NAVI|TEMPO.|PDC|SPURH.|AHK,21900.0,Guter Preis,40900.0,02/2021,Schaltgetriebe,Diesel,96 kW (131 PS),"4,3 l/100 km (komb.)",- (g/km)
"Citroen Berlingo Shine XL, Navi, Kamera, AHK, Klimaautomatik",21900.0,Fairer Preis,69800.0,03/2021,Schaltgetriebe,Diesel,96 kW (131 PS),- (l/100 km),- (g/km)
Citroen Berlingo M PureTech 110 FEEL,21900.0,Fairer Preis,28000.0,01/2023,Schaltgetriebe,Benzin,81 kW (110 PS),"6,0 l/100 km (komb.)",156 g/km (komb.)
"Citroen Berlingo Feel M, Rückfahrkamera, Navigation",21950.0,Keine Angabe,56665.0,05/2020,Schaltgetriebe,Diesel,96 kW (131 PS),"4,3 l/100 km (komb.)",112 g/km (komb.)
Citroen Berlingo Shine XTR PANO AHK ACC HeadUp 1-Hand,21980.0,Guter Preis,94000.0,11/2018,Automatik,Diesel,96 kW (131 PS),"4,5 l/100 km (komb.)",118 g/km (komb.)
Citroen Berlingo Live Pack PureTech 110 1.2,21980.0,Keine Angabe,28000.0,11/2022,Schaltgetriebe,Benzin,81 kW (110 PS),"7,0 l/100 km (komb.)",122 g/km (komb.)
Citroen Berlingo 1.5 BlueHDi 130 FAP Shine XL 7-Sitze,21980.0,Keine Angabe,126804.0,04/2021,Schaltgetriebe,Diesel,96 kW (131 PS),- (l/100 km),- (g/km)
Citroen Berlingo 1.6 VTi 95 EU6 Selection behindertengerecht,21980.0,Keine Angabe,81500.0,09/2016,Schaltgetriebe,Benzin,72 kW (98 PS),- (l/100 km),- (g/km)
Citroen Berlingo Feel M Automatik SHZ PDC Navi Cam,21980.0,Fairer Preis,47300.0,04/2020,Automatik,Benzin,96 kW (131 PS),"5,6 l/100 km (komb.)",127 g/km (komb.)
Citroen Berlingo Kombi Selection~Handgas~Rollstuhlrampe,21990.0,Sehr guter Preis,39657.0,08/2014,Automatik,Diesel,68 kW (92 PS),"5,0 l/100 km (komb.)",133 g/km (komb.)
Citroen Berlingo 1.2 PureTech Feel M Aut.*TEMPO*PDC*KLIMA*,21990.0,Guter Preis,24326.0,04/2020,Automatik,Benzin,96 kW (131 PS),"5,6 l/100 km (komb.)",157 g/km (komb.)
Citroen Berlingo Feel Elektromotor M Klima Einparkhilfe,21990.0,Sehr guter Preis,19750.0,04/2023,Automatik,Elektro,100 kW (136 PS),"20,5 kWh/100 km (komb.)",0 g/km (komb.)
Citroen Berlingo 1.5 HDI MPV Shine M,21999.0,Sehr guter Preis,80200.0,03/2023,Automatik,Diesel,96 kW (131 PS),- (l/100 km),- (g/km)
Citroen Berlingo Feel Pack M,22000.0,Sehr guter Preis,23750.0,07/2023,Schaltgetriebe,Diesel,96 kW (131 PS),- (l/100 km),- (g/km)
"Citroen Berlingo MPV 100 You 10""-DAB PDC SafetyP Temp",22188.0,Keine Angabe,10.0,11/2024,Schaltgetriebe,Diesel,75 kW (102 PS),"5,5 l/100 km (komb.)",143 g/km (komb.)
"Citroen Berlingo MPV 100 You 10""-DAB PDC SafetyP Temp",22188.0,Keine Angabe,10.0,11/2024,Schaltgetriebe,Diesel,75 kW (102 PS),"5,5 l/100 km (komb.)",143 g/km (komb.)
"Citroen Berlingo MPV 100 You 10""-DAB PDC SafetyP Temp",22188.0,Keine Angabe,10.0,11/2024,Schaltgetriebe,Diesel,75 kW (102 PS),"5,5 l/100 km (komb.)",143 g/km (komb.)
"Citroen Berlingo MPV 100 You 10""-DAB PDC SafetyP Temp",22188.0,Keine Angabe,10.0,11/2024,Schaltgetriebe,Diesel,75 kW (102 PS),"5,5 l/100 km (komb.)",143 g/km (komb.)
"Citroen Berlingo MPV 100 You 10""-DAB PDC SafetyP Temp",22188.0,Keine Angabe,10.0,11/2024,Schaltgetriebe,Diesel,75 kW (102 PS),"5,5 l/100 km (komb.)",143 g/km (komb.)
"Citroen Berlingo MPV 100 You 10""-DAB PDC SafetyP Temp",22188.0,Keine Angabe,10.0,11/2024,Schaltgetriebe,Diesel,75 kW (102 PS),"5,5 l/100 km (komb.)",143 g/km (komb.)
Citroen Berlingo M PureTech 110 FEEL / 7 Sitze / Navi,22250.0,Guter Preis,53375.0,10/2020,Schaltgetriebe,Benzin,81 kW (110 PS),"5,4 l/100 km (komb.)",123 g/km (komb.)
Citroen Berlingo Berlingo XL PureTech 110 Feel 7 Sitzer AZV PDC,22445.0,Fairer Preis,28875.0,02/2023,Schaltgetriebe,Benzin,81 kW (110 PS),"4,8 l/100 km (komb.)",122 g/km (komb.)
Citroen Berlingo Feel M Carplay/ACC/Pano/SHZ/PDC/Kam,22480.0,Erhöhter Preis,38100.0,10/2020,Schaltgetriebe,Benzin,81 kW (110 PS),- (l/100 km),- (g/km)
Citroen Berlingo BERLINGO M BLUEHDI 130 SHINE,22490.0,Sehr guter Preis,48010.0,07/2022,Schaltgetriebe,Diesel,96 kW (131 PS),- (l/100 km),0 g/km (komb.)
Citroen Berlingo M PureTech 130 EAT8 FEEL,22550.0,Keine Angabe,40000.0,01/2022,Automatik,Benzin,96 kW (131 PS),"7,0 l/100 km (komb.)",159 g/km (komb.)
Citroen Berlingo Feel XL Navivorb.Klimaautom.,22600.0,Erhöhter Preis,15900.0,02/2021,Schaltgetriebe,Benzin,81 kW (110 PS),"5,5 l/100 km (komb.)",125 g/km (komb.)
Citroen Berlingo BERLINGO Kawa PureTech 110 1.2,22680.0,Keine Angabe,100.0,- (Erstzulassung),Schaltgetriebe,Benzin,81 kW (110 PS),"6,3 l/100 km (komb.)",142 g/km (komb.)
"Citroen Berlingo MPV 100 You 10""-DAB PDC SafetyP Temp 75 kW (102...",22688.0,Keine Angabe,10.0,11/2024,Schaltgetriebe,Diesel,75 kW (102 PS),"5,5 l/100 km (komb.)",143 g/km (komb.)
Citroen Berlingo BlueHDi 100 M Plus RFK/LED -21%*,22780.0,Keine Angabe,10.0,11/2024,Schaltgetriebe,Diesel,75 kW (102 PS),"6,3 l/100 km (komb.)",139 g/km (komb.)
Citroen Berlingo M PT110 Feel | Navi - SH - RCam - TW,22790.0,Keine Angabe,46800.0,11/2020,Schaltgetriebe,Benzin,81 kW (110 PS),"6,4 l/100 km (komb.)",145 g/km (komb.)
Citroen Berlingo Feel Pack XL,22800.0,Sehr guter Preis,62773.0,06/2021,Automatik,Benzin,96 kW (131 PS),"7,0 l/100 km (komb.)",159 g/km (komb.)
Citroen Berlingo 1.5 HDI XL 7-Sitze+Automatik+Standhzg,22850.0,Keine Angabe,85800.0,08/2019,Automatik,Diesel,96 kW (131 PS),"4,4 l/100 km (komb.)",117 g/km (komb.)
Citroen Berlingo Shine M Kamera/Android/PDC,22880.0,Sehr guter Preis,7907.0,05/2023,Automatik,Elektro,100 kW (136 PS),"20,5 kWh/100 km (komb.)",0 g/km (komb.)
Citroen Berlingo M Elektro 136 Shine Kamera CarPlay Lichtsensor,22890.0,Erhöhter Preis,28100.0,12/2022,Automatik,Elektro,100 kW (136 PS),,0 g/km (komb.)
Citroen Berlingo M Elektro 5-Sitzer Klima DAB-Radio PDC hinten,22890.0,Erhöhter Preis,40000.0,03/2023,Automatik,Elektro,57 kW (77 PS),,0 g/km (komb.)
Citroen Berlingo 1.2 PureTech 110 M NAVI KAMERA SH  Shine,22890.0,Hoher Preis,46100.0,06/2019,Schaltgetriebe,Benzin,81 kW (110 PS),- (l/100 km),- (g/km)
Citroen Berlingo XL BlueHDi 130 S&S Shine,22900.0,Sehr guter Preis,65200.0,05/2021,Schaltgetriebe,Diesel,96 kW (131 PS),"5,4 l/100 km (komb.)",142 g/km (komb.)
Citroen Berlingo 1.2 PureTech 110 MPV Feel PDC LM SpurH,22900.0,Keine Angabe,10.0,06/2024,Schaltgetriebe,Benzin,80 kW (109 PS),"7,1 l/100 km (komb.)",160 g/km (komb.)
Citroen Berlingo BERLINGO MPV  BLUEHDI 130 S&S FEEL,22900.0,Sehr guter Preis,21260.0,07/2023,Schaltgetriebe,Diesel,96 kW (131 PS),- (l/100 km),0 g/km (komb.)
Citroen Berlingo 1.2 Feel M,22900.0,Guter Preis,50000.0,06/2021,Automatik,Benzin,96 kW (131 PS),- (l/100 km),- (g/km)
Citroen Berlingo Elektro,22900.0,Sehr guter Preis,28000.0,05/2023,Automatik,Elektro,100 kW (136 PS),"18,0 kWh/100 km (komb.)",0 g/km (komb.)
Citroen Berlingo Shine XL Navi Automatik,22950.0,Fairer Preis,92400.0,11/2020,Automatik,Diesel,96 kW (131 PS),"4,2 l/100 km (komb.)",111 g/km (komb.)
"Citroen Berlingo 1,5 BlueHDI 100 Feel 7-Sitzer PDC",22960.0,Keine Angabe,54900.0,05/2020,Schaltgetriebe,Diesel,75 kW (102 PS),- (l/100 km),- (g/km)
Citroen Berlingo Plus M PureTech 110 S&S Plus,22980.0,Keine Angabe,4500.0,12/2024,Schaltgetriebe,Benzin,81 kW (110 PS),"6,4 l/100 km (komb.)",143 g/km (komb.)
Citroen Berlingo XL PureTech 130 EAT8 Feel 7-Sitzer AHK Navi Apple,22990.0,Guter Preis,69400.0,11/2020,Automatik,Benzin,96 kW (131 PS),- (l/100 km),- (g/km)
Citroen Berlingo Feel Pack M,22990.0,Keine Angabe,31000.0,08/2022,Schaltgetriebe,Diesel,96 kW (131 PS),"5,5 l/100 km (komb.)",143 g/km (komb.)
Citroen Berlingo Shine XL 1.5 BlueHDi 130 FAP EU6d HUD Navi Apple C,22990.0,Erhöhter Preis,85236.0,06/2021,Schaltgetriebe,Diesel,96 kW (131 PS),"5,5 l/100 km (komb.)",143 g/km (komb.)
Citroen Berlingo M Feel Pack BlueHdi 130 *Navi*SHZ*,22990.0,Erhöhter Preis,43530.0,02/2023,Schaltgetriebe,Diesel,96 kW (131 PS),"0,0 l/100 km (komb.)",0 g/km (komb.)
Citroen Berlingo Shine XL XTR 7-Sitzer AUTOMATIK KAMERA SHZ TEMPOMA,22997.0,Fairer Preis,77679.0,03/2019,Automatik,Diesel,96 kW (131 PS),- (l/100 km),- (g/km)
Citroen Berlingo Feel M Aut. *NAVI*KAMERA*SHZ*LM*,22999.0,Fairer Preis,64000.0,05/2019,Automatik,Diesel,96 kW (131 PS),"4,4 l/100 km (komb.)",117 g/km (komb.)
Citroen Berlingo M 110 Klima/Sitzhzg/PDC v+h/Kamera,22999.0,Guter Preis,24160.0,03/2023,Schaltgetriebe,Benzin,81 kW (110 PS),"5,4 l/100 km (komb.)",124 g/km (komb.)
Citroen Berlingo XL 110 FEEL Klimaaut/Parktronic/Tempomat,22999.0,Fairer Preis,44100.0,03/2021,Schaltgetriebe,Benzin,81 kW (110 PS),"5,3 l/100 km (komb.)",122 g/km (komb.)
"Citroen Berlingo Berlingo M PureTech 110 Plus**SHZ, Kamera, DAB",23240.0,Keine Angabe,1641.0,12/2024,Schaltgetriebe,Benzin,81 kW (110 PS),"6,3 l/100 km (komb.)",142 g/km (komb.)
Citroen Berlingo MPV M BlueHDi 130 FEEL (E),23390.0,Keine Angabe,100.0,04/2023,Schaltgetriebe,Diesel,96 kW (131 PS),"6,1 l/100 km (komb.)",159 g/km (komb.)
Citroen Berlingo XL Langversion*7 Sitze*Garantie,23450.0,Erhöhter Preis,26200.0,03/2023,Schaltgetriebe,Benzin,81 kW (110 PS),"5,5 l/100 km (komb.)",127 g/km (komb.)
"Citroen Berlingo Shine M PureTech 130 EAT8 *Sitzheizung,Navi uvm.*",23490.0,Sehr guter Preis,74150.0,04/2021,Automatik,Benzin,96 kW (131 PS),"6,9 l/100 km (komb.)",156 g/km (komb.)
Citroen Berlingo Feel M 1.5 BlueHDi 100 FAP,23490.0,Erhöhter Preis,21450.0,12/2020,Schaltgetriebe,Diesel,75 kW (102 PS),"5,5 l/100 km (komb.)",144 g/km (komb.)
Citroen Berlingo XL 130 EAT8  Klimaaut/Cam/AHK,23490.0,Guter Preis,68900.0,12/2020,Automatik,Benzin,96 kW (131 PS),"5,6 l/100 km (komb.)",126 g/km (komb.)
Citroen Berlingo M PureTech 110 S&S Plus*verfügbar,23680.0,Keine Angabe,4500.0,11/2024,Schaltgetriebe,Benzin,81 kW (110 PS),"6,4 l/100 km (komb.)",143 g/km (komb.)
"Citroen Berlingo Feel XL Tempomat, DAB, Bluetooth",23790.0,Fairer Preis,31511.0,03/2023,Schaltgetriebe,Diesel,96 kW (131 PS),- (l/100 km),- (g/km)
Citroen Berlingo Feel M Automatik,23860.0,Fairer Preis,41105.0,08/2020,Automatik,Benzin,96 kW (131 PS),"7,0 l/100 km (komb.)",157 g/km (komb.)
Citroen Berlingo e-Berlingo Shine M 7 Sitze/AT/DAB/Shz/180°Kamera/K,23880.0,Guter Preis,14260.0,03/2023,Automatik,Elektro,100 kW (136 PS),"20,5 kWh/100 km (komb.)",0 g/km (komb.)
Citroen Berlingo Feel M 1.2 PT 110 Sitzheizung Einparkhilfe 2 Schie,23890.0,Erhöhter Preis,18916.0,02/2023,Schaltgetriebe,Benzin,81 kW (110 PS),"6,9 l/100 km (komb.)",156 g/km (komb.)
Citroen Berlingo XL 7-Sitzer  PureTech 130 EAT8 FEEL PACK,23900.0,Guter Preis,61895.0,04/2021,Automatik,Benzin,96 kW (131 PS),"7,1 l/100 km (komb.)",159 g/km (komb.)
Citroen Berlingo MPV You M SOFORT VERFÜGBAR,23900.0,Keine Angabe,12.0,10/2024,Schaltgetriebe,Benzin,81 kW (110 PS),"6,8 l/100 km (komb.)",153 g/km (komb.)
"Citroen Berlingo Shine,XRT,Automatik,Kamera,Standheizung",23950.0,Keine Angabe,77679.0,01/2020,Automatik,Benzin,96 kW (131 PS),"5,6 l/100 km (komb.)",127 g/km (komb.)
Citroen Berlingo 1.2 PureTech 130 Feel XL-Navi*AHK*Kamera*SHZ*Schie,23950.0,Erhöhter Preis,73770.0,09/2021,Automatik,Benzin,96 kW (131 PS),"7,1 l/100 km (komb.)",159 g/km (komb.)
Citroen Berlingo XL BlueHDi 130 FEEL PKW,23950.0,Erhöhter Preis,47253.0,10/2020,Schaltgetriebe,Diesel,96 kW (131 PS),"4,3 l/100 km (komb.)",146 g/km (komb.)
Citroen Berlingo ë-Berlingo M Elektromotor 136 SHINE,23950.0,Guter Preis,12000.0,12/2022,Automatik,Elektro,100 kW (136 PS),,0 g/km (komb.)
"Citroen Berlingo PureTech110 M, 2 Schiebetüren Alufelgen RFK",23950.0,Keine Angabe,10.0,12/2024,Schaltgetriebe,Benzin,81 kW (110 PS),"6,4 l/100 km (komb.)",144 g/km (komb.)
Citroen Berlingo 1.2 PureTech~RFK~SHZ~2xPDC~DAB~NAVI/APP,23977.0,Fairer Preis,1200.0,09/2023,Schaltgetriebe,Benzin,81 kW (110 PS),"7,0 l/100 km (komb.)",160 g/km (komb.)
"Citroen Berlingo Plus M Bluetooth, Klima, Kamera",23990.0,Keine Angabe,1800.0,03/2025,Schaltgetriebe,Benzin,81 kW (110 PS),"6,4 l/100 km (komb.)",144 g/km (komb.)
Citroen Berlingo Shine M*1.HAND*7SITZ*HEADUP*TEMPOMAT*,23990.0,Guter Preis,45500.0,07/2020,Automatik,Benzin,96 kW (131 PS),"5,6 l/100 km (komb.)",127 g/km (komb.)
Citroen Berlingo -e Shine Connect Winter-Paket Navi digitales Cockp,23990.0,Keine Angabe,11000.0,11/2023,Automatik,Elektro,100 kW (136 PS),"20,6 kWh/100 km (komb.)",0 g/km (komb.)
Citroen Berlingo Shine XL Turny/Schwenksitz/Behinderteng,23999.0,Sehr guter Preis,33214.0,02/2019,Schaltgetriebe,Benzin,81 kW (110 PS),"5,5 l/100 km (komb.)",125 g/km (komb.)
Citroen Berlingo M PureTech 130 EAT8 SHINE,24100.0,Guter Preis,63000.0,04/2020,Automatik,Benzin,96 kW (131 PS),"5,4 l/100 km (komb.)",- (g/km)
Citroen Berlingo 100 Plus M Kam DigCo 2xSchiebetür Temp,24388.0,Keine Angabe,10.0,02/2025,Schaltgetriebe,Diesel,75 kW (102 PS),"5,3 l/100 km (komb.)",138 g/km (komb.)
Citroen Berlingo Feel Pack M Automatic Touchsceen,24400.0,Fairer Preis,28000.0,02/2023,Automatik,Benzin,96 kW (131 PS),"5,4 l/100 km (komb.)",124 g/km (komb.)
Citroen Berlingo M PureTech 110 PLUS *SOFORT VERFÜGBAR*,24450.0,Keine Angabe,20.0,07/2024,Schaltgetriebe,Benzin,81 kW (110 PS),"6,3 l/100 km (komb.)",142 g/km (komb.)
Citroen Berlingo M BlueHDi 100 S&S Plus,24480.0,Sehr guter Preis,10.0,04/2025,Schaltgetriebe,Diesel,75 kW (102 PS),"5,3 l/100 km (komb.)",138 g/km (komb.)
Citroen Berlingo 1.2 PureTech L1 Automatik SHZ+7-SITZER,24480.0,Erhöhter Preis,15068.0,12/2019,Automatik,Benzin,96 kW (131 PS),"7,1 l/100 km (komb.)",160 g/km (komb.)
Citroen Berlingo M BlueHDi 100 S&S Plus,24480.0,Keine Angabe,10.0,03/2025,Schaltgetriebe,Diesel,75 kW (102 PS),"6,4 l/100 km (komb.)",143 g/km (komb.)
Citroen Berlingo Plus M BlueHDi 100 Rückfahrkamera PDC vo & hi Klim,24490.0,Keine Angabe,10.0,12/2024,Schaltgetriebe,Diesel,75 kW (102 PS),"5,3 l/100 km (komb.)",139 g/km (komb.)
Citroen Berlingo 1.2 Plus M 110 PDC W-LAN FACEL. LED,24490.0,Keine Angabe,5.0,01/2025,Schaltgetriebe,Benzin,81 kW (110 PS),"6,4 l/100 km (komb.)",143 g/km (komb.)
"Citroen Berlingo Berlingo 1,5 Blue-HDI Automatik ""Shine M"" Navi",24490.0,Guter Preis,34275.0,09/2020,Automatik,Diesel,96 kW (131 PS),- (l/100 km),- (g/km)
Citroen Berlingo 1.2 Plus M KAMERA W-LAN FACEL. LED,24490.0,Keine Angabe,7.0,01/2025,Schaltgetriebe,Benzin,81 kW (110 PS),"6,4 l/100 km (komb.)",143 g/km (komb.)
Citroen Berlingo 1.2 Plus M KAMERA W-LAN FACEL. LED,24490.0,Keine Angabe,5.0,01/2025,Schaltgetriebe,Benzin,81 kW (110 PS),"6,4 l/100 km (komb.)",143 g/km (komb.)
Citroen Berlingo Plus M,24490.0,Keine Angabe,10.0,07/2024,Schaltgetriebe,Benzin,81 kW (110 PS),"6,4 l/100 km (komb.)",143 g/km (komb.)
Citroen Berlingo M PLUS PureTech 110 *LM-Edition*,24495.0,Keine Angabe,6000.0,12/2024,Schaltgetriebe,Benzin,81 kW (110 PS),"6,4 l/100 km (komb.)",143 g/km (komb.)
Citroen Berlingo M PLUS PureTech 110 *LM-Edition*,24495.0,Keine Angabe,6000.0,12/2024,Schaltgetriebe,Benzin,81 kW (110 PS),"6,4 l/100 km (komb.)",143 g/km (komb.)
Citroen Berlingo M PLUS PureTech 110 *LM-Edition*,24495.0,Keine Angabe,6000.0,12/2024,Schaltgetriebe,Benzin,81 kW (110 PS),"6,4 l/100 km (komb.)",143 g/km (komb.)
Citroen Berlingo M PLUS PureTech 110 *LM-Edition*,24495.0,Keine Angabe,6000.0,12/2024,Schaltgetriebe,Benzin,81 kW (110 PS),"6,4 l/100 km (komb.)",143 g/km (komb.)
Citroen Berlingo M PLUS PureTech 110 *LM-Edition*,24495.0,Keine Angabe,6000.0,12/2024,Schaltgetriebe,Benzin,81 kW (110 PS),"6,4 l/100 km (komb.)",143 g/km (komb.)
Citroen Berlingo M PLUS PureTech 110 *LM-Edition*,24495.0,Keine Angabe,6000.0,12/2024,Schaltgetriebe,Benzin,81 kW (110 PS),"6,4 l/100 km (komb.)",143 g/km (komb.)
Citroen Berlingo Plus M *Winterpaket,24500.0,Keine Angabe,7.0,- (Erstzulassung),Schaltgetriebe,Benzin,81 kW (110 PS),"132,0 l/100 km (komb.)",130 g/km (komb.)
"Citroen Berlingo PureTech110 M, 2 Schiebetüren Alufelgen RFK",24500.0,Keine Angabe,10.0,11/2024,Schaltgetriebe,Benzin,81 kW (110 PS),"6,4 l/100 km (komb.)",144 g/km (komb.)
Citroen Berlingo M PureTech 110 PLUS*RFK*ALU*DAB*APPLE*LED*,24600.0,Sehr guter Preis,10.0,03/2025,Schaltgetriebe,Benzin,81 kW (110 PS),"6,4 l/100 km (komb.)",143 g/km (komb.)
Citroen Berlingo MPV M You BlueHDi 100 *BESTELLER*,24790.0,Guter Preis,10.0,01/2025,Schaltgetriebe,Diesel,75 kW (102 PS),"5,5 l/100 km (komb.)",143 g/km (komb.)
Citroen Berlingo 1.2 PT110 Feel M KlimaTemp Navi Keyless,24790.0,Sehr guter Preis,10.0,03/2023,Schaltgetriebe,Benzin,81 kW (110 PS),"6,4 l/100 km (komb.)",146 g/km (komb.)
Citroen Berlingo PLUS 100 M Kam DigCo 2xSchiebetür Temp 75 kW (1...,24807.0,Keine Angabe,10.0,02/2025,Schaltgetriebe,Diesel,75 kW (102 PS),"5,3 l/100 km (komb.)",138 g/km (komb.)
Citroen Berlingo PKW Pure Tec 110 Plus,24850.0,Guter Preis,1500.0,07/2024,Schaltgetriebe,Benzin,80 kW (109 PS),"6,4 l/100 km (komb.)",144 g/km (komb.)
Citroen Berlingo MPV 110 Plus,24850.0,Guter Preis,1500.0,07/2024,Schaltgetriebe,Benzin,80 kW (109 PS),"6,4 l/100 km (komb.)",144 g/km (komb.)
"Citroen Berlingo e-Berlingo Shine, Elektro, Rückfkamera, HeadUp",24850.0,Sehr guter Preis,8500.0,06/2023,Automatik,Elektro,100 kW (136 PS),,0 g/km (komb.)
Citroen Berlingo MPV 110 Plus,24850.0,Guter Preis,1500.0,07/2024,Schaltgetriebe,Benzin,80 kW (109 PS),"6,4 l/100 km (komb.)",144 g/km (komb.)
Citroen Berlingo PKW Pure Tec 110 Plus,24850.0,Guter Preis,1500.0,07/2024,Schaltgetriebe,Benzin,80 kW (109 PS),"6,4 l/100 km (komb.)",144 g/km (komb.)
Citroen Berlingo Doppelkabine L2 HDI100 Navi Audio DAB Einparkhilfe,24870.0,Keine Angabe,20.0,03/2025,Schaltgetriebe,Diesel,75 kW (102 PS),"6,1 l/100 km (komb.)",161 g/km (komb.)
Citroen Berlingo PureTech 110 Plus,24888.0,Keine Angabe,4100.0,09/2024,Schaltgetriebe,Benzin,81 kW (110 PS),"6,8 l/100 km (komb.)",153 g/km (komb.)
Citroen Berlingo M Pure Tech 110 Plus*PDC*LED*SHZ*,24890.0,Keine Angabe,10.0,- (Erstzulassung),Schaltgetriebe,Benzin,81 kW (110 PS),"6,8 l/100 km (komb.)",153 g/km (komb.)
Citroen Berlingo MPV M PureTech 110 S&S You MPV You M,24890.0,Keine Angabe,5.0,- (Erstzulassung),Schaltgetriebe,Benzin,81 kW (110 PS),"6,8 l/100 km (komb.)",153 g/km (komb.)
Citroen Berlingo MPV Feel M BHDi 130 °Navi°RFK°NSW°PDC°,24890.0,Sehr guter Preis,20900.0,01/2024,Schaltgetriebe,Diesel,96 kW (131 PS),"6,1 l/100 km (komb.)",159 g/km (komb.)
Citroen Berlingo Shine XL*7SITZER*AUTOMATIK*RFK*SHZ*AHK,24900.0,Keine Angabe,60330.0,11/2020,Automatik,Diesel,96 kW (131 PS),"4,2 l/100 km (komb.)",111 g/km (komb.)
Citroen Berlingo MPV You M SOFORT VERFÜGBAR,24900.0,Keine Angabe,20.0,10/2024,Schaltgetriebe,Benzin,81 kW (110 PS),"6,8 l/100 km (komb.)",153 g/km (komb.)
Citroen Berlingo Selection Behindertengerecht-Rampe Aut.,24950.0,Guter Preis,24914.0,04/2013,Automatik,Diesel,68 kW (92 PS),"5,0 l/100 km (komb.)",133 g/km (komb.)
Citroen Berlingo Shine M*Behindertengerecht*Selbstfahrer,24950.0,Keine Angabe,29000.0,11/2020,Automatik,Benzin,96 kW (131 PS),"5,6 l/100 km (komb.)",127 g/km (komb.)
"Citroen Berlingo Shine XL, BENZINER,AUTOMATIK,",24950.0,Keine Angabe,64807.0,01/2020,Automatik,Benzin,96 kW (131 PS),"5,6 l/100 km (komb.)",127 g/km (komb.)
Citroen Berlingo M PureTech 110 PLUS mit Anhängerkupplun,24950.0,Keine Angabe,20.0,08/2024,Schaltgetriebe,Benzin,81 kW (110 PS),"6,3 l/100 km (komb.)",142 g/km (komb.)
Citroen Berlingo M PureTech 110 PLUS mit Anhängerkupplun,24950.0,Keine Angabe,20.0,08/2024,Schaltgetriebe,Benzin,81 kW (110 PS),"6,3 l/100 km (komb.)",142 g/km (komb.)
Citroen Berlingo Shine MShine Automatik,24950.0,Fairer Preis,72150.0,10/2020,Automatik,Diesel,96 kW (131 PS),"4,2 l/100 km (komb.)",111 g/km (komb.)
"Citroen Berlingo Shine XL, Automatik, 7 Sitzer",24950.0,Keine Angabe,82473.0,09/2019,Automatik,Diesel,96 kW (131 PS),"4,4 l/100 km (komb.)",117 g/km (komb.)
"Citroen Berlingo Shine M, Navi, Kamera, SHZ",24980.0,Sehr guter Preis,30900.0,12/2022,Automatik,Benzin,96 kW (131 PS),- (l/100 km),- (g/km)
Citroen Berlingo Plus M*LED*DAB*NAVI*,24980.0,Keine Angabe,20.0,04/2025,Schaltgetriebe,Benzin,81 kW (110 PS),"6,4 l/100 km (komb.)",143 g/km (komb.)
Citroen Berlingo Plus M*LED*DAB*NAVI*,24980.0,Keine Angabe,20.0,04/2025,Schaltgetriebe,Benzin,81 kW (110 PS),"6,4 l/100 km (komb.)",143 g/km (komb.)
Citroen Berlingo Plus M*LED*DAB*NAVI*,24980.0,Keine Angabe,20.0,04/2025,Schaltgetriebe,Benzin,81 kW (110 PS),"6,4 l/100 km (komb.)",143 g/km (komb.)
Citroen Berlingo XL Elektromotor 136 FEEL SHZ Kamera PDC v+h Touchs,24990.0,Erhöhter Preis,29900.0,06/2022,Automatik,Elektro,100 kW (136 PS),"20,0 kWh/100 km (komb.)",0 g/km (komb.)
Citroen Berlingo Plus M PT110 Kamera Lhz LED DAB Apple,24990.0,Sehr guter Preis,190.0,03/2025,Schaltgetriebe,Benzin,81 kW (110 PS),"6,4 l/100 km (komb.)",145 g/km (komb.)
Citroen Berlingo e-Berlingo Shine M - 7-SITZER/PLA/KLIMAAUT/SITZH/K,24990.0,Guter Preis,14822.0,03/2023,Automatik,Elektro,100 kW (136 PS),"20,5 kWh/100 km (komb.)",0 g/km (komb.)
Citroen Berlingo BERLINGO FEEL M 1.5 HDI 130 PP+NAVI+KAMERA,24990.0,Keine Angabe,21350.0,07/2023,Schaltgetriebe,Diesel,96 kW (131 PS),- (l/100 km),0 g/km (komb.)
Citroen Berlingo e-Berlingo,24990.0,Keine Angabe,10000.0,11/2021,Automatik,Elektro,100 kW (136 PS),- (l/100 km),0 g/km (komb.)
Citroen Berlingo Feel MPV M 1.5 BlueHDi 100 FAP EU6d,24990.0,Keine Angabe,12850.0,07/2023,Schaltgetriebe,Diesel,75 kW (102 PS),"5,5 l/100 km (komb.)",150 g/km (komb.)
Citroen Berlingo ShineM 1.2 XTR AUTOMATIK*7SITZ*AHK*VOLL,24998.0,Keine Angabe,52000.0,02/2020,Automatik,Benzin,96 kW (131 PS),"5,6 l/100 km (komb.)",127 g/km (komb.)
Citroen Berlingo PureTech 130 XL EAT8 Klimaaut/PDC+Cam,24999.0,Fairer Preis,33600.0,02/2020,Automatik,Benzin,96 kW (131 PS),"5,6 l/100 km (komb.)",126 g/km (komb.)
Citroen Berlingo PureTech 130 EAT8 Klimaaut/PDC+Cam/Alu,24999.0,Fairer Preis,37900.0,08/2022,Automatik,Benzin,96 kW (131 PS),"5,4 l/100 km (komb.)",124 g/km (komb.)
Citroen Berlingo PureTech 130 XL EAT8 Klimaaut/PDC+Cam,24999.0,Fairer Preis,36600.0,11/2020,Automatik,Benzin,96 kW (131 PS),"5,6 l/100 km (komb.)",126 g/km (komb.)
Citroen Berlingo XTR Pack XL | PDC+Kamera | AHK | 16`Alu,19800.0,Fairer Preis,99000.0,05/2021,Schaltgetriebe,Diesel,96 kW (131 PS),"4,3 l/100 km (komb.)",113 g/km (komb.)
Citroen Berlingo Kühlschrank,19800.0,Fairer Preis,90123.0,01/2020,Automatik,Diesel,96 kW (131 PS),"4,1 l/100 km (komb.)",107 g/km (komb.)
Citroen Berlingo 1.2 Puretech Kawa 110 L1,20468.0,Fairer Preis,1550.0,10/2023,Schaltgetriebe,Benzin,81 kW (110 PS),- (l/100 km),- (g/km)
Citroen Berlingo Berlingo MPV M BlueHDi 100 LIVE PACK,19800.0,Guter Preis,24000.0,12/2022,Schaltgetriebe,Diesel,75 kW (102 PS),- (l/100 km),- (g/km)
Citroen Berlingo FACELIFT 100 L1 Temp PDC Klima E-Rad,19877.0,Keine Angabe,10.0,12/2024,Schaltgetriebe,Diesel,75 kW (102 PS),"5,4 l/100 km (komb.)",142 g/km (komb.)
Citroen Berlingo Shine M/AHZV/Sitzh./Kamera/HeadUp,19890.0,Fairer Preis,92695.0,08/2020,Automatik,Benzin,96 kW (131 PS),"5,6 l/100 km (komb.)",127 g/km (komb.)
"Citroen Berlingo M BlueHDi 130 SHINE, AHK, Kamera, Sitzh",19900.0,Erhöhter Preis,121800.0,12/2020,Schaltgetriebe,Diesel,96 kW (131 PS),- (l/100 km),- (g/km)
Citroen Berlingo Shine M Automatik PANO-AHK-KAMERA,19900.0,Guter Preis,88000.0,08/2019,Automatik,Diesel,96 kW (131 PS),"4,3 l/100 km (komb.)",115 g/km (komb.)
Citroen Berlingo Shine M  | 1.HAND| PANO-DACH | HEAD-UP,19900.0,Guter Preis,107960.0,03/2021,Automatik,Diesel,96 kW (131 PS),"4,5 l/100 km (komb.)",118 g/km (komb.)
Citroen Berlingo,19900.0,Erhöhter Preis,119000.0,12/2015,Schaltgetriebe,Diesel,88 kW (120 PS),- (l/100 km),- (g/km)
"Citroen Berlingo Feel M, AHK, get.Heckscheibe",19950.0,Keine Angabe,69247.0,01/2020,Schaltgetriebe,Diesel,96 kW (131 PS),"4,3 l/100 km (komb.)",112 g/km (komb.)
"Citroen Berlingo 1,2 PureTech 110 Feel NAVI DAB PDC",19950.0,Fairer Preis,17421.0,06/2021,Schaltgetriebe,Benzin,81 kW (110 PS),- (l/100 km),- (g/km)
Citroen Berlingo Kasten Club M/L1 *Klimaanlage*Bluetooth,19976.0,Fairer Preis,3612.0,11/2022,Schaltgetriebe,Diesel,75 kW (102 PS),- (l/100 km),- (g/km)
Citroen Berlingo L1 PureTech 110 KAMERA KLIMA AKTION,19977.0,Keine Angabe,25.0,- (Erstzulassung),Schaltgetriebe,Benzin,81 kW (110 PS),"6,6 l/100 km (komb.)",149 g/km (komb.)
Citroen Berlingo M PureTech EAT8 Shine,19980.0,Keine Angabe,68512.0,05/2020,Automatik,Benzin,96 kW (131 PS),- (l/100 km),- (g/km)
Citroen Berlingo Feel Pack M *Automatik*,19990.0,Sehr guter Preis,88499.0,05/2021,Automatik,Benzin,96 kW (131 PS),"6,4 l/100 km (komb.)",127 g/km (komb.)
Citroen Berlingo S&S FEEL 360Kam*Tempo*Klimaauto,19990.0,Fairer Preis,49960.0,05/2021,Schaltgetriebe,Benzin,81 kW (110 PS),- (l/100 km),145 g/km (komb.)
